// PROFILES
INSERT INTO C_PROFILE (ID_PROFILE, DS_NAME, DS_PERMISSIONS) VALUES (1, 'Administrador', '{"parameters":{"all":true},"scheduler":{"viewZone":true,"viewTheater":true,"viewDay":true,"editProperties":true,"viewNotifyManager":true,"viewSendVista":true},"reports":{"all":true},"users":{"all":true}}');
INSERT INTO C_PROFILE (ID_PROFILE, DS_NAME, DS_PERMISSIONS) VALUES (2, 'Gerente', '{"scheduler":{"viewDay":true,"editProperties":true,"viewSendVista":true}}');
INSERT INTO C_PROFILE (ID_PROFILE, DS_NAME, DS_PERMISSIONS) VALUES (3, 'Analista', '{"parameters":{"all":true},"scheduler":{"viewZone":true,"viewTheater":true,"viewDay":true,"viewNotifyManager":true},"reports":{"all":true}}');

// REGIONS
INSERT INTO C_REGION (ID_REGION, ID_TERRITORY, DS_NAME, FG_ACTIVE, DT_LAST_MODIFICATION, ID_LAST_USER_MODIFIER) VALUES (2, 1, 'Centro', 1, '2017-10-13 13:11:59.543', 2);
INSERT INTO C_REGION (ID_REGION, ID_TERRITORY, DS_NAME, FG_ACTIVE, DT_LAST_MODIFICATION, ID_LAST_USER_MODIFIER) VALUES (3, 1, 'DF y AM', 1, '2017-10-05 10:07:25.797', 2);
INSERT INTO C_REGION (ID_REGION, ID_TERRITORY, DS_NAME, FG_ACTIVE, DT_LAST_MODIFICATION, ID_LAST_USER_MODIFIER) VALUES (4, 1, 'Norte', 1, '2016-12-22 07:33:42.680', 11);
INSERT INTO C_REGION (ID_REGION, ID_TERRITORY, DS_NAME, FG_ACTIVE, DT_LAST_MODIFICATION, ID_LAST_USER_MODIFIER) VALUES (5, 1, 'Pacífico', 1, '2017-10-05 10:19:18.660', 2);
INSERT INTO C_REGION (ID_REGION, ID_TERRITORY, DS_NAME, FG_ACTIVE, DT_LAST_MODIFICATION, ID_LAST_USER_MODIFIER) VALUES (6, 1, 'Sureste', 1, '2017-10-05 10:51:02.013', 2);

// THEATERS
INSERT INTO C_THEATER (ID_THEATER, ID_REGION, ID_CITY, DS_NAME, ID_STATE, ID_EMAIL, ID_VISTA, NU_THEATER, DS_TELEPHONE, FG_ACTIVE, DT_LAST_MODIFICATION, ID_LAST_USER_MODIFIER, DS_CC_EMAIL, FG_VIP, NU_RENTRAK, ID_THEATER_PARENT) VALUES (36, 2, 33, 'Cinepolis Ajusco', 9, 36, '236', 1020236, '015530894652/30894269/30894673', 1, '2017-10-25 17:41:27.047', 1, null, 0, 0, null);
INSERT INTO C_THEATER (ID_THEATER, ID_REGION, ID_CITY, DS_NAME, ID_STATE, ID_EMAIL, ID_VISTA, NU_THEATER, DS_TELEPHONE, FG_ACTIVE, DT_LAST_MODIFICATION, ID_LAST_USER_MODIFIER, DS_CC_EMAIL, FG_VIP, NU_RENTRAK, ID_THEATER_PARENT) VALUES (37, 2, 32, 'Cinepolis Arcos Bosques', 9, 37, '268', 1020268, '015521679594/21679601/21679597', 1, '2017-10-25 17:45:49.087', 1, null, 0, 0, null);
INSERT INTO C_THEATER (ID_THEATER, ID_REGION, ID_CITY, DS_NAME, ID_STATE, ID_EMAIL, ID_VISTA, NU_THEATER, DS_TELEPHONE, FG_ACTIVE, DT_LAST_MODIFICATION, ID_LAST_USER_MODIFIER, DS_CC_EMAIL, FG_VIP, NU_RENTRAK, ID_THEATER_PARENT) VALUES (112, 3, 58, 'Cinepolis Adana Lincoln', 19, 112, '395', 1020395, '0181-81105936/81105938/81105937', 1, '2017-10-25 17:20:26.207', 325, null, 0, 0, null);
INSERT INTO C_THEATER (ID_THEATER, ID_REGION, ID_CITY, DS_NAME, ID_STATE, ID_EMAIL, ID_VISTA, NU_THEATER, DS_TELEPHONE, FG_ACTIVE, DT_LAST_MODIFICATION, ID_LAST_USER_MODIFIER, DS_CC_EMAIL, FG_VIP, NU_RENTRAK, ID_THEATER_PARENT) VALUES (115, 3, 58, 'Cinepolis Altea Linares', 19, 115, '515', 1020515, null, 1, '2016-06-09 09:44:44.337', 325, null, 0, 0, null);
INSERT INTO C_THEATER (ID_THEATER, ID_REGION, ID_CITY, DS_NAME, ID_STATE, ID_EMAIL, ID_VISTA, NU_THEATER, DS_TELEPHONE, FG_ACTIVE, DT_LAST_MODIFICATION, ID_LAST_USER_MODIFIER, DS_CC_EMAIL, FG_VIP, NU_RENTRAK, ID_THEATER_PARENT) VALUES (173, 4, 37, 'Cinepolis Alameda Guadalajara', 15, 173, '264', 1020264, '013336177725/6177900/6177886', 1, '2016-04-12 11:40:59.947', 13, null, 0, 0, null);
INSERT INTO C_THEATER (ID_THEATER, ID_REGION, ID_CITY, DS_NAME, ID_STATE, ID_EMAIL, ID_VISTA, NU_THEATER, DS_TELEPHONE, FG_ACTIVE, DT_LAST_MODIFICATION, ID_LAST_USER_MODIFIER, DS_CC_EMAIL, FG_VIP, NU_RENTRAK, ID_THEATER_PARENT) VALUES (174, 4, 37, 'Cinepolis Arboledas', 15, 174, '147', 1020147, '013338111369/8112045/8100439', 1, '2016-04-12 11:41:08.773', 13, null, 0, 0, null);
INSERT INTO C_THEATER (ID_THEATER, ID_REGION, ID_CITY, DS_NAME, ID_STATE, ID_EMAIL, ID_VISTA, NU_THEATER, DS_TELEPHONE, FG_ACTIVE, DT_LAST_MODIFICATION, ID_LAST_USER_MODIFIER, DS_CC_EMAIL, FG_VIP, NU_RENTRAK, ID_THEATER_PARENT) VALUES (24, 5, 3, 'Cinepolis Plaza Comercial Apizaco', 29, 24, '565', 1020565, null, 1, '2016-08-16 19:27:12.197', 325, null, 0, 0, null);
INSERT INTO C_THEATER (ID_THEATER, ID_REGION, ID_CITY, DS_NAME, ID_STATE, ID_EMAIL, ID_VISTA, NU_THEATER, DS_TELEPHONE, FG_ACTIVE, DT_LAST_MODIFICATION, ID_LAST_USER_MODIFIER, DS_CC_EMAIL, FG_VIP, NU_RENTRAK, ID_THEATER_PARENT) VALUES (233, 5, 54, 'Cinepolis Altabrisa', 31, 233, '301', 1020301, '019991679553/1679552/1679554', 1, '2016-08-16 19:16:02.433', 325, null, 0, 0, null);
INSERT INTO C_THEATER (ID_THEATER, ID_REGION, ID_CITY, DS_NAME, ID_STATE, ID_EMAIL, ID_VISTA, NU_THEATER, DS_TELEPHONE, FG_ACTIVE, DT_LAST_MODIFICATION, ID_LAST_USER_MODIFIER, DS_CC_EMAIL, FG_VIP, NU_RENTRAK, ID_THEATER_PARENT) VALUES (316, 6, 7, 'Cinepolis Prueba 1', 23, 332, '54534345', 4555, null, 1, '2016-11-28 17:45:11.777', 2, null, 0, 0, null);
INSERT INTO C_THEATER (ID_THEATER, ID_REGION, ID_CITY, DS_NAME, ID_STATE, ID_EMAIL, ID_VISTA, NU_THEATER, DS_TELEPHONE, FG_ACTIVE, DT_LAST_MODIFICATION, ID_LAST_USER_MODIFIER, DS_CC_EMAIL, FG_VIP, NU_RENTRAK, ID_THEATER_PARENT) VALUES (317, 6, 4, 'Cinepolis Prueba 2', 3, 333, '45345345', 345345, null, 1, '2014-08-12 19:22:34.463', 2, null, 0, 0, null);

// SCREENS
INSERT INTO C_SCREEN (ID_SCREEN, ID_THEATER, ID_VISTA, NU_SCREEN, NU_CAPACITY, QT_GREEN_SEMAPHORE, QT_YELLOW_SEMAPHORE, QT_RED_SEMAPHORE, DT_LAST_MODIFICATION, ID_LAST_USER_MODIFIER, FG_ACTIVE, ID_SCREEN_FORMAT) VALUES (215, 24, '565-1', 1, 233, 45.13, 39.24, 33.35, '2016-08-16 19:27:12.197', 325, 1, 18);
INSERT INTO C_SCREEN (ID_SCREEN, ID_THEATER, ID_VISTA, NU_SCREEN, NU_CAPACITY, QT_GREEN_SEMAPHORE, QT_YELLOW_SEMAPHORE, QT_RED_SEMAPHORE, DT_LAST_MODIFICATION, ID_LAST_USER_MODIFIER, FG_ACTIVE, ID_SCREEN_FORMAT) VALUES (216, 24, '565-2', 2, 127, 38.53, 33.50, 28.48, '2016-08-16 19:27:12.197', 325, 1, 13);
INSERT INTO C_SCREEN (ID_SCREEN, ID_THEATER, ID_VISTA, NU_SCREEN, NU_CAPACITY, QT_GREEN_SEMAPHORE, QT_YELLOW_SEMAPHORE, QT_RED_SEMAPHORE, DT_LAST_MODIFICATION, ID_LAST_USER_MODIFIER, FG_ACTIVE, ID_SCREEN_FORMAT) VALUES (217, 24, '565-3', 3, 127, 45.60, 39.65, 33.70, '2016-08-16 19:27:12.197', 325, 1, 18);
INSERT INTO C_SCREEN (ID_SCREEN, ID_THEATER, ID_VISTA, NU_SCREEN, NU_CAPACITY, QT_GREEN_SEMAPHORE, QT_YELLOW_SEMAPHORE, QT_RED_SEMAPHORE, DT_LAST_MODIFICATION, ID_LAST_USER_MODIFIER, FG_ACTIVE, ID_SCREEN_FORMAT) VALUES (218, 24, '565-4', 4, 149, 43.67, 37.97, 32.27, '2016-08-16 19:27:12.197', 325, 1, 13);
INSERT INTO C_SCREEN (ID_SCREEN, ID_THEATER, ID_VISTA, NU_SCREEN, NU_CAPACITY, QT_GREEN_SEMAPHORE, QT_YELLOW_SEMAPHORE, QT_RED_SEMAPHORE, DT_LAST_MODIFICATION, ID_LAST_USER_MODIFIER, FG_ACTIVE, ID_SCREEN_FORMAT) VALUES (219, 24, '565-5', 5, 149, 52.16, 45.36, 38.56, '2016-08-16 19:27:12.197', 325, 1, 18);
INSERT INTO C_SCREEN (ID_SCREEN, ID_THEATER, ID_VISTA, NU_SCREEN, NU_CAPACITY, QT_GREEN_SEMAPHORE, QT_YELLOW_SEMAPHORE, QT_RED_SEMAPHORE, DT_LAST_MODIFICATION, ID_LAST_USER_MODIFIER, FG_ACTIVE, ID_SCREEN_FORMAT) VALUES (292, 36, '236-1', 1, 101, 32.50, 28.26, 24.02, '2017-10-25 17:41:27.117', 1, 1, 13);
INSERT INTO C_SCREEN (ID_SCREEN, ID_THEATER, ID_VISTA, NU_SCREEN, NU_CAPACITY, QT_GREEN_SEMAPHORE, QT_YELLOW_SEMAPHORE, QT_RED_SEMAPHORE, DT_LAST_MODIFICATION, ID_LAST_USER_MODIFIER, FG_ACTIVE, ID_SCREEN_FORMAT) VALUES (293, 36, '236-2', 2, 109, 35.88, 31.20, 26.52, '2017-10-25 17:41:27.100', 1, 1, 13);
INSERT INTO C_SCREEN (ID_SCREEN, ID_THEATER, ID_VISTA, NU_SCREEN, NU_CAPACITY, QT_GREEN_SEMAPHORE, QT_YELLOW_SEMAPHORE, QT_RED_SEMAPHORE, DT_LAST_MODIFICATION, ID_LAST_USER_MODIFIER, FG_ACTIVE, ID_SCREEN_FORMAT) VALUES (294, 36, '236-3', 3, 109, 35.95, 31.26, 26.57, '2017-10-25 17:41:27.107', 1, 1, 13);
INSERT INTO C_SCREEN (ID_SCREEN, ID_THEATER, ID_VISTA, NU_SCREEN, NU_CAPACITY, QT_GREEN_SEMAPHORE, QT_YELLOW_SEMAPHORE, QT_RED_SEMAPHORE, DT_LAST_MODIFICATION, ID_LAST_USER_MODIFIER, FG_ACTIVE, ID_SCREEN_FORMAT) VALUES (295, 36, '236-4', 4, 135, 33.87, 29.45, 25.03, '2017-10-25 17:41:27.087', 1, 1, 18);
INSERT INTO C_SCREEN (ID_SCREEN, ID_THEATER, ID_VISTA, NU_SCREEN, NU_CAPACITY, QT_GREEN_SEMAPHORE, QT_YELLOW_SEMAPHORE, QT_RED_SEMAPHORE, DT_LAST_MODIFICATION, ID_LAST_USER_MODIFIER, FG_ACTIVE, ID_SCREEN_FORMAT) VALUES (296, 36, '236-5', 5, 106, 37.84, 32.90, 27.97, '2017-10-25 17:41:27.110', 1, 1, 13);
INSERT INTO C_SCREEN (ID_SCREEN, ID_THEATER, ID_VISTA, NU_SCREEN, NU_CAPACITY, QT_GREEN_SEMAPHORE, QT_YELLOW_SEMAPHORE, QT_RED_SEMAPHORE, DT_LAST_MODIFICATION, ID_LAST_USER_MODIFIER, FG_ACTIVE, ID_SCREEN_FORMAT) VALUES (297, 36, '236-6', 6, 230, 29.20, 25.39, 21.58, '2017-10-25 17:41:27.057', 1, 1, 18);
INSERT INTO C_SCREEN (ID_SCREEN, ID_THEATER, ID_VISTA, NU_SCREEN, NU_CAPACITY, QT_GREEN_SEMAPHORE, QT_YELLOW_SEMAPHORE, QT_RED_SEMAPHORE, DT_LAST_MODIFICATION, ID_LAST_USER_MODIFIER, FG_ACTIVE, ID_SCREEN_FORMAT) VALUES (298, 36, '236-7', 7, 220, 29.44, 25.60, 21.76, '2017-10-25 17:41:27.080', 1, 1, 18);
INSERT INTO C_SCREEN (ID_SCREEN, ID_THEATER, ID_VISTA, NU_SCREEN, NU_CAPACITY, QT_GREEN_SEMAPHORE, QT_YELLOW_SEMAPHORE, QT_RED_SEMAPHORE, DT_LAST_MODIFICATION, ID_LAST_USER_MODIFIER, FG_ACTIVE, ID_SCREEN_FORMAT) VALUES (299, 36, '236-8', 8, 122, 37.66, 32.75, 27.84, '2017-10-25 17:41:27.093', 1, 1, 13);
INSERT INTO C_SCREEN (ID_SCREEN, ID_THEATER, ID_VISTA, NU_SCREEN, NU_CAPACITY, QT_GREEN_SEMAPHORE, QT_YELLOW_SEMAPHORE, QT_RED_SEMAPHORE, DT_LAST_MODIFICATION, ID_LAST_USER_MODIFIER, FG_ACTIVE, ID_SCREEN_FORMAT) VALUES (300, 36, '236-9', 9, 230, 26.97, 23.45, 19.93, '2017-10-25 17:41:27.067', 1, 1, 18);
INSERT INTO C_SCREEN (ID_SCREEN, ID_THEATER, ID_VISTA, NU_SCREEN, NU_CAPACITY, QT_GREEN_SEMAPHORE, QT_YELLOW_SEMAPHORE, QT_RED_SEMAPHORE, DT_LAST_MODIFICATION, ID_LAST_USER_MODIFIER, FG_ACTIVE, ID_SCREEN_FORMAT) VALUES (301, 36, '236-10', 10, 226, 27.16, 23.62, 20.08, '2017-10-25 17:41:27.073', 1, 1, 18);
INSERT INTO C_SCREEN (ID_SCREEN, ID_THEATER, ID_VISTA, NU_SCREEN, NU_CAPACITY, QT_GREEN_SEMAPHORE, QT_YELLOW_SEMAPHORE, QT_RED_SEMAPHORE, DT_LAST_MODIFICATION, ID_LAST_USER_MODIFIER, FG_ACTIVE, ID_SCREEN_FORMAT) VALUES (302, 37, '268-1', 1, 173, 14.82, 12.89, 10.96, '2017-10-25 17:45:49.100', 1, 1, 18);
INSERT INTO C_SCREEN (ID_SCREEN, ID_THEATER, ID_VISTA, NU_SCREEN, NU_CAPACITY, QT_GREEN_SEMAPHORE, QT_YELLOW_SEMAPHORE, QT_RED_SEMAPHORE, DT_LAST_MODIFICATION, ID_LAST_USER_MODIFIER, FG_ACTIVE, ID_SCREEN_FORMAT) VALUES (303, 37, '268-2', 2, 327, 10.10, 8.78, 7.46, '2017-10-25 17:45:49.093', 1, 1, 18);
INSERT INTO C_SCREEN (ID_SCREEN, ID_THEATER, ID_VISTA, NU_SCREEN, NU_CAPACITY, QT_GREEN_SEMAPHORE, QT_YELLOW_SEMAPHORE, QT_RED_SEMAPHORE, DT_LAST_MODIFICATION, ID_LAST_USER_MODIFIER, FG_ACTIVE, ID_SCREEN_FORMAT) VALUES (304, 37, '268-3', 3, 104, 17.86, 15.53, 13.20, '2017-10-25 17:45:49.120', 1, 1, 13);
INSERT INTO C_SCREEN (ID_SCREEN, ID_THEATER, ID_VISTA, NU_SCREEN, NU_CAPACITY, QT_GREEN_SEMAPHORE, QT_YELLOW_SEMAPHORE, QT_RED_SEMAPHORE, DT_LAST_MODIFICATION, ID_LAST_USER_MODIFIER, FG_ACTIVE, ID_SCREEN_FORMAT) VALUES (305, 37, '268-4', 4, 104, 18.85, 16.39, 13.93, '2017-10-25 17:45:49.123', 1, 1, 18);
INSERT INTO C_SCREEN (ID_SCREEN, ID_THEATER, ID_VISTA, NU_SCREEN, NU_CAPACITY, QT_GREEN_SEMAPHORE, QT_YELLOW_SEMAPHORE, QT_RED_SEMAPHORE, DT_LAST_MODIFICATION, ID_LAST_USER_MODIFIER, FG_ACTIVE, ID_SCREEN_FORMAT) VALUES (306, 37, '268-5', 5, 122, 19.76, 17.18, 14.60, '2017-10-25 17:45:49.117', 1, 1, 13);
INSERT INTO C_SCREEN (ID_SCREEN, ID_THEATER, ID_VISTA, NU_SCREEN, NU_CAPACITY, QT_GREEN_SEMAPHORE, QT_YELLOW_SEMAPHORE, QT_RED_SEMAPHORE, DT_LAST_MODIFICATION, ID_LAST_USER_MODIFIER, FG_ACTIVE, ID_SCREEN_FORMAT) VALUES (307, 37, '268-6', 6, 157, 15.41, 13.40, 11.39, '2017-10-25 17:45:49.110', 1, 1, 13);
INSERT INTO C_SCREEN (ID_SCREEN, ID_THEATER, ID_VISTA, NU_SCREEN, NU_CAPACITY, QT_GREEN_SEMAPHORE, QT_YELLOW_SEMAPHORE, QT_RED_SEMAPHORE, DT_LAST_MODIFICATION, ID_LAST_USER_MODIFIER, FG_ACTIVE, ID_SCREEN_FORMAT) VALUES (308, 37, '268-7', 7, 173, 15.93, 13.85, 11.77, '2017-10-25 17:45:49.107', 1, 1, 18);
INSERT INTO C_SCREEN (ID_SCREEN, ID_THEATER, ID_VISTA, NU_SCREEN, NU_CAPACITY, QT_GREEN_SEMAPHORE, QT_YELLOW_SEMAPHORE, QT_RED_SEMAPHORE, DT_LAST_MODIFICATION, ID_LAST_USER_MODIFIER, FG_ACTIVE, ID_SCREEN_FORMAT) VALUES (1000, 112, '395-1', 1, 323, 18.24, 15.86, 13.48, '2017-10-25 17:20:26.217', 325, 1, 16);
INSERT INTO C_SCREEN (ID_SCREEN, ID_THEATER, ID_VISTA, NU_SCREEN, NU_CAPACITY, QT_GREEN_SEMAPHORE, QT_YELLOW_SEMAPHORE, QT_RED_SEMAPHORE, DT_LAST_MODIFICATION, ID_LAST_USER_MODIFIER, FG_ACTIVE, ID_SCREEN_FORMAT) VALUES (1001, 112, '395-2', 2, 119, 26.58, 23.11, 19.64, '2017-10-25 17:20:26.250', 325, 1, 18);
INSERT INTO C_SCREEN (ID_SCREEN, ID_THEATER, ID_VISTA, NU_SCREEN, NU_CAPACITY, QT_GREEN_SEMAPHORE, QT_YELLOW_SEMAPHORE, QT_RED_SEMAPHORE, DT_LAST_MODIFICATION, ID_LAST_USER_MODIFIER, FG_ACTIVE, ID_SCREEN_FORMAT) VALUES (1002, 112, '395-3', 3, 119, 28.08, 24.42, 20.76, '2017-10-25 17:20:26.257', 325, 1, 13);
INSERT INTO C_SCREEN (ID_SCREEN, ID_THEATER, ID_VISTA, NU_SCREEN, NU_CAPACITY, QT_GREEN_SEMAPHORE, QT_YELLOW_SEMAPHORE, QT_RED_SEMAPHORE, DT_LAST_MODIFICATION, ID_LAST_USER_MODIFIER, FG_ACTIVE, ID_SCREEN_FORMAT) VALUES (1003, 112, '395-4', 4, 212, 23.77, 20.67, 17.57, '2017-10-25 17:20:26.227', 325, 1, 18);
INSERT INTO C_SCREEN (ID_SCREEN, ID_THEATER, ID_VISTA, NU_SCREEN, NU_CAPACITY, QT_GREEN_SEMAPHORE, QT_YELLOW_SEMAPHORE, QT_RED_SEMAPHORE, DT_LAST_MODIFICATION, ID_LAST_USER_MODIFIER, FG_ACTIVE, ID_SCREEN_FORMAT) VALUES (1004, 112, '395-5', 5, 119, 26.51, 23.05, 19.59, '2017-10-25 17:20:26.240', 325, 1, 13);
INSERT INTO C_SCREEN (ID_SCREEN, ID_THEATER, ID_VISTA, NU_SCREEN, NU_CAPACITY, QT_GREEN_SEMAPHORE, QT_YELLOW_SEMAPHORE, QT_RED_SEMAPHORE, DT_LAST_MODIFICATION, ID_LAST_USER_MODIFIER, FG_ACTIVE, ID_SCREEN_FORMAT) VALUES (1005, 112, '395-6', 6, 119, 28.62, 24.89, 21.16, '2017-10-25 17:20:26.247', 325, 1, 13);
INSERT INTO C_SCREEN (ID_SCREEN, ID_THEATER, ID_VISTA, NU_SCREEN, NU_CAPACITY, QT_GREEN_SEMAPHORE, QT_YELLOW_SEMAPHORE, QT_RED_SEMAPHORE, DT_LAST_MODIFICATION, ID_LAST_USER_MODIFIER, FG_ACTIVE, ID_SCREEN_FORMAT) VALUES (1006, 112, '395-7', 7, 212, 20.79, 18.08, 15.37, '2017-10-25 17:20:26.233', 325, 1, 13);
INSERT INTO C_SCREEN (ID_SCREEN, ID_THEATER, ID_VISTA, NU_SCREEN, NU_CAPACITY, QT_GREEN_SEMAPHORE, QT_YELLOW_SEMAPHORE, QT_RED_SEMAPHORE, DT_LAST_MODIFICATION, ID_LAST_USER_MODIFIER, FG_ACTIVE, ID_SCREEN_FORMAT) VALUES (1031, 115, '515-1', 1, 192, 24.99, 21.73, 18.47, '2016-06-09 09:44:44.337', 325, 1, 18);
INSERT INTO C_SCREEN (ID_SCREEN, ID_THEATER, ID_VISTA, NU_SCREEN, NU_CAPACITY, QT_GREEN_SEMAPHORE, QT_YELLOW_SEMAPHORE, QT_RED_SEMAPHORE, DT_LAST_MODIFICATION, ID_LAST_USER_MODIFIER, FG_ACTIVE, ID_SCREEN_FORMAT) VALUES (1032, 115, '515-2', 2, 125, 23.85, 20.74, 17.63, '2016-06-09 09:44:44.337', 325, 1, 13);
INSERT INTO C_SCREEN (ID_SCREEN, ID_THEATER, ID_VISTA, NU_SCREEN, NU_CAPACITY, QT_GREEN_SEMAPHORE, QT_YELLOW_SEMAPHORE, QT_RED_SEMAPHORE, DT_LAST_MODIFICATION, ID_LAST_USER_MODIFIER, FG_ACTIVE, ID_SCREEN_FORMAT) VALUES (1033, 115, '515-3', 3, 125, 26.96, 23.44, 19.92, '2016-06-09 09:44:44.337', 325, 1, 18);
INSERT INTO C_SCREEN (ID_SCREEN, ID_THEATER, ID_VISTA, NU_SCREEN, NU_CAPACITY, QT_GREEN_SEMAPHORE, QT_YELLOW_SEMAPHORE, QT_RED_SEMAPHORE, DT_LAST_MODIFICATION, ID_LAST_USER_MODIFIER, FG_ACTIVE, ID_SCREEN_FORMAT) VALUES (1034, 115, '515-4', 4, 125, 27.11, 23.57, 20.03, '2016-06-09 09:44:44.337', 325, 1, 13);
INSERT INTO C_SCREEN (ID_SCREEN, ID_THEATER, ID_VISTA, NU_SCREEN, NU_CAPACITY, QT_GREEN_SEMAPHORE, QT_YELLOW_SEMAPHORE, QT_RED_SEMAPHORE, DT_LAST_MODIFICATION, ID_LAST_USER_MODIFIER, FG_ACTIVE, ID_SCREEN_FORMAT) VALUES (1035, 115, '515-5', 5, 125, 30.92, 26.89, 22.86, '2016-06-09 09:44:44.337', 325, 1, 18);
INSERT INTO C_SCREEN (ID_SCREEN, ID_THEATER, ID_VISTA, NU_SCREEN, NU_CAPACITY, QT_GREEN_SEMAPHORE, QT_YELLOW_SEMAPHORE, QT_RED_SEMAPHORE, DT_LAST_MODIFICATION, ID_LAST_USER_MODIFIER, FG_ACTIVE, ID_SCREEN_FORMAT) VALUES (1564, 173, '264-1', 1, 221, 16.05, 13.96, 11.87, '2016-04-12 11:40:59.947', 13, 1, 18);
INSERT INTO C_SCREEN (ID_SCREEN, ID_THEATER, ID_VISTA, NU_SCREEN, NU_CAPACITY, QT_GREEN_SEMAPHORE, QT_YELLOW_SEMAPHORE, QT_RED_SEMAPHORE, DT_LAST_MODIFICATION, ID_LAST_USER_MODIFIER, FG_ACTIVE, ID_SCREEN_FORMAT) VALUES (1565, 173, '264-2', 2, 208, 15.49, 13.47, 11.45, '2016-04-12 11:40:59.947', 13, 1, 18);
INSERT INTO C_SCREEN (ID_SCREEN, ID_THEATER, ID_VISTA, NU_SCREEN, NU_CAPACITY, QT_GREEN_SEMAPHORE, QT_YELLOW_SEMAPHORE, QT_RED_SEMAPHORE, DT_LAST_MODIFICATION, ID_LAST_USER_MODIFIER, FG_ACTIVE, ID_SCREEN_FORMAT) VALUES (1566, 173, '264-3', 3, 139, 21.01, 18.27, 15.53, '2016-04-12 11:40:59.947', 13, 1, 13);
INSERT INTO C_SCREEN (ID_SCREEN, ID_THEATER, ID_VISTA, NU_SCREEN, NU_CAPACITY, QT_GREEN_SEMAPHORE, QT_YELLOW_SEMAPHORE, QT_RED_SEMAPHORE, DT_LAST_MODIFICATION, ID_LAST_USER_MODIFIER, FG_ACTIVE, ID_SCREEN_FORMAT) VALUES (1567, 173, '264-4', 4, 126, 23.64, 20.56, 17.48, '2016-04-12 11:40:59.947', 13, 1, 18);
INSERT INTO C_SCREEN (ID_SCREEN, ID_THEATER, ID_VISTA, NU_SCREEN, NU_CAPACITY, QT_GREEN_SEMAPHORE, QT_YELLOW_SEMAPHORE, QT_RED_SEMAPHORE, DT_LAST_MODIFICATION, ID_LAST_USER_MODIFIER, FG_ACTIVE, ID_SCREEN_FORMAT) VALUES (1568, 173, '264-5', 5, 96, 23.86, 20.75, 17.64, '2016-04-12 11:40:59.947', 13, 1, 13);
INSERT INTO C_SCREEN (ID_SCREEN, ID_THEATER, ID_VISTA, NU_SCREEN, NU_CAPACITY, QT_GREEN_SEMAPHORE, QT_YELLOW_SEMAPHORE, QT_RED_SEMAPHORE, DT_LAST_MODIFICATION, ID_LAST_USER_MODIFIER, FG_ACTIVE, ID_SCREEN_FORMAT) VALUES (1569, 173, '264-6', 6, 136, 20.87, 18.15, 15.43, '2016-04-12 11:40:59.947', 13, 1, 13);
INSERT INTO C_SCREEN (ID_SCREEN, ID_THEATER, ID_VISTA, NU_SCREEN, NU_CAPACITY, QT_GREEN_SEMAPHORE, QT_YELLOW_SEMAPHORE, QT_RED_SEMAPHORE, DT_LAST_MODIFICATION, ID_LAST_USER_MODIFIER, FG_ACTIVE, ID_SCREEN_FORMAT) VALUES (1570, 173, '264-7', 7, 96, 23.59, 20.51, 17.43, '2016-04-12 11:40:59.947', 13, 1, 13);
INSERT INTO C_SCREEN (ID_SCREEN, ID_THEATER, ID_VISTA, NU_SCREEN, NU_CAPACITY, QT_GREEN_SEMAPHORE, QT_YELLOW_SEMAPHORE, QT_RED_SEMAPHORE, DT_LAST_MODIFICATION, ID_LAST_USER_MODIFIER, FG_ACTIVE, ID_SCREEN_FORMAT) VALUES (1571, 174, '147-1', 1, 147, 21.40, 18.61, 15.82, '2016-04-12 11:41:08.773', 13, 1, 18);
INSERT INTO C_SCREEN (ID_SCREEN, ID_THEATER, ID_VISTA, NU_SCREEN, NU_CAPACITY, QT_GREEN_SEMAPHORE, QT_YELLOW_SEMAPHORE, QT_RED_SEMAPHORE, DT_LAST_MODIFICATION, ID_LAST_USER_MODIFIER, FG_ACTIVE, ID_SCREEN_FORMAT) VALUES (1572, 174, '147-2', 2, 138, 22.00, 19.13, 16.26, '2016-04-12 11:41:08.773', 13, 1, 13);
INSERT INTO C_SCREEN (ID_SCREEN, ID_THEATER, ID_VISTA, NU_SCREEN, NU_CAPACITY, QT_GREEN_SEMAPHORE, QT_YELLOW_SEMAPHORE, QT_RED_SEMAPHORE, DT_LAST_MODIFICATION, ID_LAST_USER_MODIFIER, FG_ACTIVE, ID_SCREEN_FORMAT) VALUES (1573, 174, '147-3', 3, 287, 18.63, 16.20, 13.77, '2016-04-12 11:41:08.773', 13, 1, 13);
INSERT INTO C_SCREEN (ID_SCREEN, ID_THEATER, ID_VISTA, NU_SCREEN, NU_CAPACITY, QT_GREEN_SEMAPHORE, QT_YELLOW_SEMAPHORE, QT_RED_SEMAPHORE, DT_LAST_MODIFICATION, ID_LAST_USER_MODIFIER, FG_ACTIVE, ID_SCREEN_FORMAT) VALUES (1574, 174, '147-4', 4, 138, 19.84, 17.25, 14.66, '2016-04-12 11:41:08.773', 13, 1, 13);
INSERT INTO C_SCREEN (ID_SCREEN, ID_THEATER, ID_VISTA, NU_SCREEN, NU_CAPACITY, QT_GREEN_SEMAPHORE, QT_YELLOW_SEMAPHORE, QT_RED_SEMAPHORE, DT_LAST_MODIFICATION, ID_LAST_USER_MODIFIER, FG_ACTIVE, ID_SCREEN_FORMAT) VALUES (1575, 174, '147-5', 5, 207, 19.16, 16.66, 14.16, '2016-04-12 11:41:08.773', 13, 1, 18);
INSERT INTO C_SCREEN (ID_SCREEN, ID_THEATER, ID_VISTA, NU_SCREEN, NU_CAPACITY, QT_GREEN_SEMAPHORE, QT_YELLOW_SEMAPHORE, QT_RED_SEMAPHORE, DT_LAST_MODIFICATION, ID_LAST_USER_MODIFIER, FG_ACTIVE, ID_SCREEN_FORMAT) VALUES (1576, 174, '147-6', 6, 149, 23.68, 20.59, 17.50, '2016-04-12 11:41:08.773', 13, 1, 13);
INSERT INTO C_SCREEN (ID_SCREEN, ID_THEATER, ID_VISTA, NU_SCREEN, NU_CAPACITY, QT_GREEN_SEMAPHORE, QT_YELLOW_SEMAPHORE, QT_RED_SEMAPHORE, DT_LAST_MODIFICATION, ID_LAST_USER_MODIFIER, FG_ACTIVE, ID_SCREEN_FORMAT) VALUES (1577, 174, '147-7', 7, 139, 25.76, 22.40, 19.04, '2016-04-12 11:41:08.773', 13, 1, 13);
INSERT INTO C_SCREEN (ID_SCREEN, ID_THEATER, ID_VISTA, NU_SCREEN, NU_CAPACITY, QT_GREEN_SEMAPHORE, QT_YELLOW_SEMAPHORE, QT_RED_SEMAPHORE, DT_LAST_MODIFICATION, ID_LAST_USER_MODIFIER, FG_ACTIVE, ID_SCREEN_FORMAT) VALUES (1578, 174, '147-8', 8, 266, 16.72, 14.54, 12.36, '2016-04-12 11:41:08.773', 13, 1, 18);
INSERT INTO C_SCREEN (ID_SCREEN, ID_THEATER, ID_VISTA, NU_SCREEN, NU_CAPACITY, QT_GREEN_SEMAPHORE, QT_YELLOW_SEMAPHORE, QT_RED_SEMAPHORE, DT_LAST_MODIFICATION, ID_LAST_USER_MODIFIER, FG_ACTIVE, ID_SCREEN_FORMAT) VALUES (1579, 174, '147-9', 9, 166, 24.28, 21.11, 17.94, '2016-04-12 11:41:08.773', 13, 1, 13);
INSERT INTO C_SCREEN (ID_SCREEN, ID_THEATER, ID_VISTA, NU_SCREEN, NU_CAPACITY, QT_GREEN_SEMAPHORE, QT_YELLOW_SEMAPHORE, QT_RED_SEMAPHORE, DT_LAST_MODIFICATION, ID_LAST_USER_MODIFIER, FG_ACTIVE, ID_SCREEN_FORMAT) VALUES (1580, 174, '147-10', 10, 193, 23.24, 20.21, 17.18, '2016-04-12 11:41:08.773', 13, 1, 18);
INSERT INTO C_SCREEN (ID_SCREEN, ID_THEATER, ID_VISTA, NU_SCREEN, NU_CAPACITY, QT_GREEN_SEMAPHORE, QT_YELLOW_SEMAPHORE, QT_RED_SEMAPHORE, DT_LAST_MODIFICATION, ID_LAST_USER_MODIFIER, FG_ACTIVE, ID_SCREEN_FORMAT) VALUES (2147, 233, '301-1', 1, 334, 21.02, 18.28, 15.54, '2016-08-16 19:16:02.433', 325, 1, 18);
INSERT INTO C_SCREEN (ID_SCREEN, ID_THEATER, ID_VISTA, NU_SCREEN, NU_CAPACITY, QT_GREEN_SEMAPHORE, QT_YELLOW_SEMAPHORE, QT_RED_SEMAPHORE, DT_LAST_MODIFICATION, ID_LAST_USER_MODIFIER, FG_ACTIVE, ID_SCREEN_FORMAT) VALUES (2148, 233, '301-2', 2, 331, 20.18, 17.55, 14.92, '2016-08-16 19:16:02.433', 325, 1, 13);
INSERT INTO C_SCREEN (ID_SCREEN, ID_THEATER, ID_VISTA, NU_SCREEN, NU_CAPACITY, QT_GREEN_SEMAPHORE, QT_YELLOW_SEMAPHORE, QT_RED_SEMAPHORE, DT_LAST_MODIFICATION, ID_LAST_USER_MODIFIER, FG_ACTIVE, ID_SCREEN_FORMAT) VALUES (2149, 233, '301-3', 3, 226, 23.02, 20.02, 17.02, '2016-08-16 19:16:02.433', 325, 1, 18);
INSERT INTO C_SCREEN (ID_SCREEN, ID_THEATER, ID_VISTA, NU_SCREEN, NU_CAPACITY, QT_GREEN_SEMAPHORE, QT_YELLOW_SEMAPHORE, QT_RED_SEMAPHORE, DT_LAST_MODIFICATION, ID_LAST_USER_MODIFIER, FG_ACTIVE, ID_SCREEN_FORMAT) VALUES (2150, 233, '301-4', 4, 136, 32.51, 28.27, 24.03, '2016-08-16 19:16:02.433', 325, 1, 13);
INSERT INTO C_SCREEN (ID_SCREEN, ID_THEATER, ID_VISTA, NU_SCREEN, NU_CAPACITY, QT_GREEN_SEMAPHORE, QT_YELLOW_SEMAPHORE, QT_RED_SEMAPHORE, DT_LAST_MODIFICATION, ID_LAST_USER_MODIFIER, FG_ACTIVE, ID_SCREEN_FORMAT) VALUES (2151, 233, '301-5', 5, 226, 22.67, 19.71, 16.75, '2016-08-16 19:16:02.433', 325, 1, 18);
INSERT INTO C_SCREEN (ID_SCREEN, ID_THEATER, ID_VISTA, NU_SCREEN, NU_CAPACITY, QT_GREEN_SEMAPHORE, QT_YELLOW_SEMAPHORE, QT_RED_SEMAPHORE, DT_LAST_MODIFICATION, ID_LAST_USER_MODIFIER, FG_ACTIVE, ID_SCREEN_FORMAT) VALUES (2152, 233, '301-6', 6, 136, 33.78, 29.37, 24.96, '2016-08-16 19:16:02.433', 325, 1, 13);
INSERT INTO C_SCREEN (ID_SCREEN, ID_THEATER, ID_VISTA, NU_SCREEN, NU_CAPACITY, QT_GREEN_SEMAPHORE, QT_YELLOW_SEMAPHORE, QT_RED_SEMAPHORE, DT_LAST_MODIFICATION, ID_LAST_USER_MODIFIER, FG_ACTIVE, ID_SCREEN_FORMAT) VALUES (2153, 233, '301-7', 7, 174, 29.90, 26.00, 22.10, '2016-08-16 19:16:02.433', 325, 1, 18);
INSERT INTO C_SCREEN (ID_SCREEN, ID_THEATER, ID_VISTA, NU_SCREEN, NU_CAPACITY, QT_GREEN_SEMAPHORE, QT_YELLOW_SEMAPHORE, QT_RED_SEMAPHORE, DT_LAST_MODIFICATION, ID_LAST_USER_MODIFIER, FG_ACTIVE, ID_SCREEN_FORMAT) VALUES (2154, 233, '301-8', 8, 136, 36.11, 31.40, 26.69, '2016-08-16 19:16:02.433', 325, 1, 13);
INSERT INTO C_SCREEN (ID_SCREEN, ID_THEATER, ID_VISTA, NU_SCREEN, NU_CAPACITY, QT_GREEN_SEMAPHORE, QT_YELLOW_SEMAPHORE, QT_RED_SEMAPHORE, DT_LAST_MODIFICATION, ID_LAST_USER_MODIFIER, FG_ACTIVE, ID_SCREEN_FORMAT) VALUES (2155, 233, '301-9', 9, 174, 30.49, 26.51, 22.53, '2016-08-16 19:16:02.433', 325, 1, 18);
INSERT INTO C_SCREEN (ID_SCREEN, ID_THEATER, ID_VISTA, NU_SCREEN, NU_CAPACITY, QT_GREEN_SEMAPHORE, QT_YELLOW_SEMAPHORE, QT_RED_SEMAPHORE, DT_LAST_MODIFICATION, ID_LAST_USER_MODIFIER, FG_ACTIVE, ID_SCREEN_FORMAT) VALUES (2156, 233, '301-10', 10, 136, 20.60, 17.91, 15.22, '2016-08-16 19:16:02.433', 325, 1, 17);
INSERT INTO C_SCREEN (ID_SCREEN, ID_THEATER, ID_VISTA, NU_SCREEN, NU_CAPACITY, QT_GREEN_SEMAPHORE, QT_YELLOW_SEMAPHORE, QT_RED_SEMAPHORE, DT_LAST_MODIFICATION, ID_LAST_USER_MODIFIER, FG_ACTIVE, ID_SCREEN_FORMAT) VALUES (2786, 316, '22231', 1, 100, 0.00, 0.00, 0.00, '2016-11-28 17:45:11.777', 2, 1, 13);
INSERT INTO C_SCREEN (ID_SCREEN, ID_THEATER, ID_VISTA, NU_SCREEN, NU_CAPACITY, QT_GREEN_SEMAPHORE, QT_YELLOW_SEMAPHORE, QT_RED_SEMAPHORE, DT_LAST_MODIFICATION, ID_LAST_USER_MODIFIER, FG_ACTIVE, ID_SCREEN_FORMAT) VALUES (2787, 316, '22232', 2, 100, 0.00, 0.00, 0.00, '2016-11-28 17:45:11.777', 2, 1, 14);
INSERT INTO C_SCREEN (ID_SCREEN, ID_THEATER, ID_VISTA, NU_SCREEN, NU_CAPACITY, QT_GREEN_SEMAPHORE, QT_YELLOW_SEMAPHORE, QT_RED_SEMAPHORE, DT_LAST_MODIFICATION, ID_LAST_USER_MODIFIER, FG_ACTIVE, ID_SCREEN_FORMAT) VALUES (2788, 316, '22233', 3, 100, 0.00, 0.00, 0.00, '2016-11-28 17:45:11.777', 2, 1, 13);
INSERT INTO C_SCREEN (ID_SCREEN, ID_THEATER, ID_VISTA, NU_SCREEN, NU_CAPACITY, QT_GREEN_SEMAPHORE, QT_YELLOW_SEMAPHORE, QT_RED_SEMAPHORE, DT_LAST_MODIFICATION, ID_LAST_USER_MODIFIER, FG_ACTIVE, ID_SCREEN_FORMAT) VALUES (2789, 316, '22234', 4, 100, 0.00, 0.00, 0.00, '2016-11-28 17:45:11.777', 2, 1, 16);
INSERT INTO C_SCREEN (ID_SCREEN, ID_THEATER, ID_VISTA, NU_SCREEN, NU_CAPACITY, QT_GREEN_SEMAPHORE, QT_YELLOW_SEMAPHORE, QT_RED_SEMAPHORE, DT_LAST_MODIFICATION, ID_LAST_USER_MODIFIER, FG_ACTIVE, ID_SCREEN_FORMAT) VALUES (2790, 316, '22235', 5, 100, 0.00, 0.00, 0.00, '2016-11-28 17:45:11.777', 2, 1, 13);
INSERT INTO C_SCREEN (ID_SCREEN, ID_THEATER, ID_VISTA, NU_SCREEN, NU_CAPACITY, QT_GREEN_SEMAPHORE, QT_YELLOW_SEMAPHORE, QT_RED_SEMAPHORE, DT_LAST_MODIFICATION, ID_LAST_USER_MODIFIER, FG_ACTIVE, ID_SCREEN_FORMAT) VALUES (2791, 317, '222212', 1, 100, 0.00, 0.00, 0.00, '2014-08-12 19:22:34.463', 2, 1, 14);
INSERT INTO C_SCREEN (ID_SCREEN, ID_THEATER, ID_VISTA, NU_SCREEN, NU_CAPACITY, QT_GREEN_SEMAPHORE, QT_YELLOW_SEMAPHORE, QT_RED_SEMAPHORE, DT_LAST_MODIFICATION, ID_LAST_USER_MODIFIER, FG_ACTIVE, ID_SCREEN_FORMAT) VALUES (2792, 317, '234234', 2, 2342, 0.00, 0.00, 0.00, '2014-08-12 19:22:34.463', 2, 1, 15);
INSERT INTO C_SCREEN (ID_SCREEN, ID_THEATER, ID_VISTA, NU_SCREEN, NU_CAPACITY, QT_GREEN_SEMAPHORE, QT_YELLOW_SEMAPHORE, QT_RED_SEMAPHORE, DT_LAST_MODIFICATION, ID_LAST_USER_MODIFIER, FG_ACTIVE, ID_SCREEN_FORMAT) VALUES (2793, 317, '324234', 3, 2342, 0.00, 0.00, 0.00, '2014-08-12 19:22:34.463', 2, 1, 12);
INSERT INTO C_SCREEN (ID_SCREEN, ID_THEATER, ID_VISTA, NU_SCREEN, NU_CAPACITY, QT_GREEN_SEMAPHORE, QT_YELLOW_SEMAPHORE, QT_RED_SEMAPHORE, DT_LAST_MODIFICATION, ID_LAST_USER_MODIFIER, FG_ACTIVE, ID_SCREEN_FORMAT) VALUES (2794, 317, '345345', 4, 3453, 0.00, 0.00, 0.00, '2014-08-12 19:22:34.463', 2, 1, 14);
INSERT INTO C_SCREEN (ID_SCREEN, ID_THEATER, ID_VISTA, NU_SCREEN, NU_CAPACITY, QT_GREEN_SEMAPHORE, QT_YELLOW_SEMAPHORE, QT_RED_SEMAPHORE, DT_LAST_MODIFICATION, ID_LAST_USER_MODIFIER, FG_ACTIVE, ID_SCREEN_FORMAT) VALUES (2795, 317, '5345345', 5, 3453, 0.00, 0.00, 0.00, '2014-08-12 19:22:34.463', 2, 1, 17);

// PARAMETERS
INSERT INTO C_PARAMETERS (ID_PARAMETER, DS_NAME, CH_DESCRIPTION, CH_TYPE, DT_CREATION, DT_LAST_MODIFICATION) VALUES (1, 'ANALITICA_URL', 'http://10.11.1.228:5000', 'string', '2017-11-15 19:14:06.110', '2017-11-15 19:14:06.110');
INSERT INTO C_PARAMETERS (ID_PARAMETER, DS_NAME, CH_DESCRIPTION, CH_TYPE, DT_CREATION, DT_LAST_MODIFICATION) VALUES (8, 'LDAP_URL', 'ldap://192.168.0.78:389/', 'string', '2017-11-17 17:00:00.000', '2017-11-17 17:00:00.000');
INSERT INTO C_PARAMETERS (ID_PARAMETER, DS_NAME, CH_DESCRIPTION, CH_TYPE, DT_CREATION, DT_LAST_MODIFICATION) VALUES (9, 'LDAP_AUTH_METHOD', 'simple', 'string', '2017-11-17 17:00:00.000', '2017-11-17 17:00:00.000');
INSERT INTO C_PARAMETERS (ID_PARAMETER, DS_NAME, CH_DESCRIPTION, CH_TYPE, DT_CREATION, DT_LAST_MODIFICATION) VALUES (10, 'LDAP_VERSION', '3', 'string', '2017-11-17 17:00:00.000', '2017-11-17 17:00:00.000');
INSERT INTO C_PARAMETERS (ID_PARAMETER, DS_NAME, CH_DESCRIPTION, CH_TYPE, DT_CREATION, DT_LAST_MODIFICATION) VALUES (32, 'LDAP_AT', '@active2.directory.intellego.com.mx', 'string', '2017-11-17 18:00:00.000', '2017-11-17 18:00:00.000');
INSERT INTO C_PARAMETERS (ID_PARAMETER, DS_NAME, CH_DESCRIPTION, CH_TYPE, DT_CREATION, DT_LAST_MODIFICATION) VALUES (33, 'LDAP_TRUST_STORE', '10', 'string', '2017-11-17 18:00:00.000', '2017-11-17 18:00:00.000');
INSERT INTO C_PARAMETERS (ID_PARAMETER, DS_NAME, CH_DESCRIPTION, CH_TYPE, DT_CREATION, DT_LAST_MODIFICATION) VALUES (34, 'ACTIVE_USE_SSL', 'false', 'string', '2017-11-17 18:00:00.000', '2017-11-17 18:00:00.000');

// USERS
INSERT INTO K_USER (ID_USER, DS_NAME, DS_USERNAME, DS_EMAIL, FG_ACTIVE, DT_LAST_MODIFICATION, ID_LAST_USER_MODIFIER) VALUES (1, 'uricohName', 'uricoh', 'oscar.hurtado@axity.com', 1, '2017-11-22 00:00:00.000', 1);
INSERT INTO K_USER (ID_USER, DS_NAME, DS_USERNAME, DS_EMAIL, FG_ACTIVE, DT_LAST_MODIFICATION, ID_LAST_USER_MODIFIER) VALUES (2, 'Alex', 'User03', 'oscar.hurtado@axity.com', 1, '2017-11-22 00:00:00.000', 1);
INSERT INTO K_USER (ID_USER, DS_NAME, DS_USERNAME, DS_EMAIL, FG_ACTIVE, DT_LAST_MODIFICATION, ID_LAST_USER_MODIFIER) VALUES (3, 'Xavier Hernandez', 'User01', 'xavier.hernandez@axity.com', 1, '2017-11-22 00:00:00.000', 2);
INSERT INTO K_USER (ID_USER, DS_NAME, DS_USERNAME, DS_EMAIL, FG_ACTIVE, DT_LAST_MODIFICATION, ID_LAST_USER_MODIFIER) VALUES (4, 'Edmundo', 'User02', 'jorge.lopez@axity.com', 1, '2017-11-22 00:00:00.000', 1);
INSERT INTO K_USER (ID_USER, DS_NAME, DS_USERNAME, DS_EMAIL, FG_ACTIVE, DT_LAST_MODIFICATION, ID_LAST_USER_MODIFIER) VALUES (7, 'Jorge', 'jorge', 'jorge@axity.com', 1, '2017-11-28 16:48:40.573', 1);
INSERT INTO K_USER (ID_USER, DS_NAME, DS_USERNAME, DS_EMAIL, FG_ACTIVE, DT_LAST_MODIFICATION, ID_LAST_USER_MODIFIER) VALUES (11, 'Oscar', 'oscar', 'oscar@axity.com', 1, '2017-11-28 17:16:04.163', 1);
INSERT INTO K_USER (ID_USER, DS_NAME, DS_USERNAME, DS_EMAIL, FG_ACTIVE, DT_LAST_MODIFICATION, ID_LAST_USER_MODIFIER) VALUES (12, 'Juan', 'juan', 'juan@axity.com', 1, '2017-11-29 09:59:18.153', 1);
INSERT INTO K_USER (ID_USER, DS_NAME, DS_USERNAME, DS_EMAIL, FG_ACTIVE, DT_LAST_MODIFICATION, ID_LAST_USER_MODIFIER) VALUES (13, 'Leonel Cordero', 'leonel', 'leonel@axity.com', 1, '2017-11-29 10:25:26.497', 2);
INSERT INTO K_USER (ID_USER, DS_NAME, DS_USERNAME, DS_EMAIL, FG_ACTIVE, DT_LAST_MODIFICATION, ID_LAST_USER_MODIFIER) VALUES (14, 'Francisco', 'francisco', 'francisco@axity.com', 1, '2017-11-29 10:26:12.380', 1);
INSERT INTO K_USER (ID_USER, DS_NAME, DS_USERNAME, DS_EMAIL, FG_ACTIVE, DT_LAST_MODIFICATION, ID_LAST_USER_MODIFIER) VALUES (15, 'Javier', 'javier', 'javier@axity.com', 1, '2017-11-29 10:27:16.060', 1);
INSERT INTO K_USER (ID_USER, DS_NAME, DS_USERNAME, DS_EMAIL, FG_ACTIVE, DT_LAST_MODIFICATION, ID_LAST_USER_MODIFIER) VALUES (16, 'Chuy', 'chuy', 'chuy@axity.com', 0, '2017-11-29 10:28:18.597', 1);
INSERT INTO K_USER (ID_USER, DS_NAME, DS_USERNAME, DS_EMAIL, FG_ACTIVE, DT_LAST_MODIFICATION, ID_LAST_USER_MODIFIER) VALUES (17, 'Clarita', 'clarita', 'clarita@axity.com', 1, '2017-11-29 12:03:48.117', 1);
INSERT INTO K_USER (ID_USER, DS_NAME, DS_USERNAME, DS_EMAIL, FG_ACTIVE, DT_LAST_MODIFICATION, ID_LAST_USER_MODIFIER) VALUES (18, 'Clarita Ramirez', 'clarita', 'clarita@axity.com', 1, '2017-11-29 18:34:43.347', 1);

// USERS_X_PROFILE
INSERT INTO K_USER_X_PROFILE (ID_PROFILE, ID_USER, ID_K_USER_X_PROFILE) VALUES (1, 1, 1);
INSERT INTO K_USER_X_PROFILE (ID_PROFILE, ID_USER, ID_K_USER_X_PROFILE) VALUES (2, 4, 3);
INSERT INTO K_USER_X_PROFILE (ID_PROFILE, ID_USER, ID_K_USER_X_PROFILE) VALUES (1, 2, 4);
INSERT INTO K_USER_X_PROFILE (ID_PROFILE, ID_USER, ID_K_USER_X_PROFILE) VALUES (2, 7, 5);
INSERT INTO K_USER_X_PROFILE (ID_PROFILE, ID_USER, ID_K_USER_X_PROFILE) VALUES (3, 11, 6);
INSERT INTO K_USER_X_PROFILE (ID_PROFILE, ID_USER, ID_K_USER_X_PROFILE) VALUES (2, 12, 7);
INSERT INTO K_USER_X_PROFILE (ID_PROFILE, ID_USER, ID_K_USER_X_PROFILE) VALUES (2, 14, 9);
INSERT INTO K_USER_X_PROFILE (ID_PROFILE, ID_USER, ID_K_USER_X_PROFILE) VALUES (2, 15, 10);
INSERT INTO K_USER_X_PROFILE (ID_PROFILE, ID_USER, ID_K_USER_X_PROFILE) VALUES (2, 16, 11);
INSERT INTO K_USER_X_PROFILE (ID_PROFILE, ID_USER, ID_K_USER_X_PROFILE) VALUES (2, 17, 12);
INSERT INTO K_USER_X_PROFILE (ID_PROFILE, ID_USER, ID_K_USER_X_PROFILE) VALUES (2, 13, 18);
INSERT INTO K_USER_X_PROFILE (ID_PROFILE, ID_USER, ID_K_USER_X_PROFILE) VALUES (3, 3, 19);
INSERT INTO K_USER_X_PROFILE (ID_PROFILE, ID_USER, ID_K_USER_X_PROFILE) VALUES (2, 18, 21);

// USERS_X_REGION
INSERT INTO K_USER_X_REGION (ID_REGION, ID_USER, ID_K_USER_X_REGION) VALUES (2, 1, 1);
INSERT INTO K_USER_X_REGION (ID_REGION, ID_USER, ID_K_USER_X_REGION) VALUES (3, 1, 2);
INSERT INTO K_USER_X_REGION (ID_REGION, ID_USER, ID_K_USER_X_REGION) VALUES (4, 1, 3);
INSERT INTO K_USER_X_REGION (ID_REGION, ID_USER, ID_K_USER_X_REGION) VALUES (5, 1, 4);
INSERT INTO K_USER_X_REGION (ID_REGION, ID_USER, ID_K_USER_X_REGION) VALUES (6, 1, 5);
INSERT INTO K_USER_X_REGION (ID_REGION, ID_USER, ID_K_USER_X_REGION) VALUES (2, 4, 8);
INSERT INTO K_USER_X_REGION (ID_REGION, ID_USER, ID_K_USER_X_REGION) VALUES (2, 7, 9);
INSERT INTO K_USER_X_REGION (ID_REGION, ID_USER, ID_K_USER_X_REGION) VALUES (2, 12, 10);
INSERT INTO K_USER_X_REGION (ID_REGION, ID_USER, ID_K_USER_X_REGION) VALUES (2, 14, 12);
INSERT INTO K_USER_X_REGION (ID_REGION, ID_USER, ID_K_USER_X_REGION) VALUES (2, 15, 13);
INSERT INTO K_USER_X_REGION (ID_REGION, ID_USER, ID_K_USER_X_REGION) VALUES (2, 16, 14);
INSERT INTO K_USER_X_REGION (ID_REGION, ID_USER, ID_K_USER_X_REGION) VALUES (2, 17, 15);
INSERT INTO K_USER_X_REGION (ID_REGION, ID_USER, ID_K_USER_X_REGION) VALUES (2, 13, 21);
INSERT INTO K_USER_X_REGION (ID_REGION, ID_USER, ID_K_USER_X_REGION) VALUES (5, 18, 23);

// USERS_X_THEATER
INSERT INTO K_USER_X_THEATER (ID_THEATER, ID_USER, ID_K_USER_X_THEATER) VALUES (36, 4, 2);
INSERT INTO K_USER_X_THEATER (ID_THEATER, ID_USER, ID_K_USER_X_THEATER) VALUES (36, 7, 3);
INSERT INTO K_USER_X_THEATER (ID_THEATER, ID_USER, ID_K_USER_X_THEATER) VALUES (37, 12, 4);
INSERT INTO K_USER_X_THEATER (ID_THEATER, ID_USER, ID_K_USER_X_THEATER) VALUES (24, 18, 17);
// SCHEDULER STATUS
INSERT INTO C_SCHEDULER_STATUS (ID_SCHEDULER_STATUS, DS_STATUS) VALUES (1, 'Created');
INSERT INTO C_SCHEDULER_STATUS (ID_SCHEDULER_STATUS, DS_STATUS) VALUES (2, 'Notified');
INSERT INTO C_SCHEDULER_STATUS (ID_SCHEDULER_STATUS, DS_STATUS) VALUES (3, 'Authorized');
INSERT INTO C_SCHEDULER_STATUS (ID_SCHEDULER_STATUS, DS_STATUS) VALUES (4, 'Sent');

// FUNCIONES
INSERT INTO K_FUNCTION(ID_FUNCTION,ID_VISTA,DS_THEATER_NAME,NU_SCREEN_NUMBER,DS_SCREEN_FORMAT,ID_MOVIE,DS_EVENT_NAME,NU_DURATION,DT_DATE_TIME,NU_FUNCION,ID_SCHEDULER_STATUS,DT_CREATION,DT_LAST_MODIFICATION,ID_LAST_USER_MODIFIER,FG_ACTIVE) VALUES(1,'236','cinepolis ajusco',10,'Tradicional','1171824','cinepolis ajusco',105,'2016-11-08 20:35:00',5,1,'2016-11-08 20:35:00','2016-11-08 20:35:00',1,1);
INSERT INTO K_FUNCTION(ID_FUNCTION,ID_VISTA,DS_THEATER_NAME,NU_SCREEN_NUMBER,DS_SCREEN_FORMAT,ID_MOVIE,DS_EVENT_NAME,NU_DURATION,DT_DATE_TIME,NU_FUNCION,ID_SCHEDULER_STATUS,DT_CREATION,DT_LAST_MODIFICATION,ID_LAST_USER_MODIFIER,FG_ACTIVE) VALUES(2,'236','cinepolis ajusco',5,'Tradicional','1171847','cinepolis ajusco',105,'2016-11-05 20:05:00',5,1,'2016-11-05 20:05:00','2016-11-05 20:05:00',1,1);
INSERT INTO K_FUNCTION(ID_FUNCTION,ID_VISTA,DS_THEATER_NAME,NU_SCREEN_NUMBER,DS_SCREEN_FORMAT,ID_MOVIE,DS_EVENT_NAME,NU_DURATION,DT_DATE_TIME,NU_FUNCION,ID_SCHEDULER_STATUS,DT_CREATION,DT_LAST_MODIFICATION,ID_LAST_USER_MODIFIER,FG_ACTIVE) VALUES(3,'268','cinepolis arcos bosques',2,'Tradicional','1170023','cinepolis arcos bosques',92,'2016-11-08 17:25:00',3,1,'2016-11-08 17:25:00','2016-11-08 17:25:00',1,1);
INSERT INTO K_FUNCTION(ID_FUNCTION,ID_VISTA,DS_THEATER_NAME,NU_SCREEN_NUMBER,DS_SCREEN_FORMAT,ID_MOVIE,DS_EVENT_NAME,NU_DURATION,DT_DATE_TIME,NU_FUNCION,ID_SCHEDULER_STATUS,DT_CREATION,DT_LAST_MODIFICATION,ID_LAST_USER_MODIFIER,FG_ACTIVE) VALUES(4,'268','cinepolis arcos bosques',4,'Tradicional','1170326','cinepolis arcos bosques',85,'2016-11-08 18:40:00',4,2,'2016-11-08 18:40:00','2016-11-08 18:40:00',1,1);
INSERT INTO K_FUNCTION(ID_FUNCTION,ID_VISTA,DS_THEATER_NAME,NU_SCREEN_NUMBER,DS_SCREEN_FORMAT,ID_MOVIE,DS_EVENT_NAME,NU_DURATION,DT_DATE_TIME,NU_FUNCION,ID_SCHEDULER_STATUS,DT_CREATION,DT_LAST_MODIFICATION,ID_LAST_USER_MODIFIER,FG_ACTIVE) VALUES(5,'395','cinepolis adana lincoln',3,'Tradicional','1166781','cinepolis adana lincoln',128,'2016-11-08 10:45:00',1,1,'2016-11-08 10:45:00','2016-11-08 10:45:00',1,1);
INSERT INTO K_FUNCTION(ID_FUNCTION,ID_VISTA,DS_THEATER_NAME,NU_SCREEN_NUMBER,DS_SCREEN_FORMAT,ID_MOVIE,DS_EVENT_NAME,NU_DURATION,DT_DATE_TIME,NU_FUNCION,ID_SCHEDULER_STATUS,DT_CREATION,DT_LAST_MODIFICATION,ID_LAST_USER_MODIFIER,FG_ACTIVE) VALUES(6,'395','cinepolis adana lincoln',5,'Tradicional','1166918','cinepolis adana lincoln',99,'2016-11-07 19:15:00',5,1,'2016-11-07 19:15:00','2016-11-07 19:15:00',1,1);
INSERT INTO K_FUNCTION(ID_FUNCTION,ID_VISTA,DS_THEATER_NAME,NU_SCREEN_NUMBER,DS_SCREEN_FORMAT,ID_MOVIE,DS_EVENT_NAME,NU_DURATION,DT_DATE_TIME,NU_FUNCION,ID_SCHEDULER_STATUS,DT_CREATION,DT_LAST_MODIFICATION,ID_LAST_USER_MODIFIER,FG_ACTIVE) VALUES(7,'515','cinepolis altea linares',2,'Tradicional','1165517','cinepolis altea linares',105,'2016-11-10 21:40:00',4,1,'2016-11-10 21:40:00','2016-11-10 21:40:00',1,1);
INSERT INTO K_FUNCTION(ID_FUNCTION,ID_VISTA,DS_THEATER_NAME,NU_SCREEN_NUMBER,DS_SCREEN_FORMAT,ID_MOVIE,DS_EVENT_NAME,NU_DURATION,DT_DATE_TIME,NU_FUNCION,ID_SCHEDULER_STATUS,DT_CREATION,DT_LAST_MODIFICATION,ID_LAST_USER_MODIFIER,FG_ACTIVE) VALUES(8,'515','cinepolis altea linares',1,'Tradicional','1165531','cinepolis altea linares',92,'2016-11-04 17:10:00',3,1,'2016-11-04 17:10:00','2016-11-04 17:10:00',1,1);
INSERT INTO K_FUNCTION(ID_FUNCTION,ID_VISTA,DS_THEATER_NAME,NU_SCREEN_NUMBER,DS_SCREEN_FORMAT,ID_MOVIE,DS_EVENT_NAME,NU_DURATION,DT_DATE_TIME,NU_FUNCION,ID_SCHEDULER_STATUS,DT_CREATION,DT_LAST_MODIFICATION,ID_LAST_USER_MODIFIER,FG_ACTIVE) VALUES(9,'264','cinepolis alameda guadalajara',5,'Tradicional','1170282','cinepolis alameda guadalajara',128,'2016-11-06 16:15:00',3,1,'2016-11-06 16:15:00','2016-11-06 16:15:00',1,1);
INSERT INTO K_FUNCTION(ID_FUNCTION,ID_VISTA,DS_THEATER_NAME,NU_SCREEN_NUMBER,DS_SCREEN_FORMAT,ID_MOVIE,DS_EVENT_NAME,NU_DURATION,DT_DATE_TIME,NU_FUNCION,ID_SCHEDULER_STATUS,DT_CREATION,DT_LAST_MODIFICATION,ID_LAST_USER_MODIFIER,FG_ACTIVE) VALUES(10,'264','cinepolis alameda guadalajara',2,'Tradicional','1170470','cinepolis alameda guadalajara',92,'2016-11-04 13:50:00',1,1,'2016-11-04 13:50:00','2016-11-04 13:50:00',1,1);
INSERT INTO K_FUNCTION(ID_FUNCTION,ID_VISTA,DS_THEATER_NAME,NU_SCREEN_NUMBER,DS_SCREEN_FORMAT,ID_MOVIE,DS_EVENT_NAME,NU_DURATION,DT_DATE_TIME,NU_FUNCION,ID_SCHEDULER_STATUS,DT_CREATION,DT_LAST_MODIFICATION,ID_LAST_USER_MODIFIER,FG_ACTIVE) VALUES(11,'147','cinepolis arboledas',4,'Tradicional','1166282','cinepolis arboledas',97,'2016-11-07 18:25:00',4,1,'2016-11-07 18:25:00','2016-11-07 18:25:00',1,1);
INSERT INTO K_FUNCTION(ID_FUNCTION,ID_VISTA,DS_THEATER_NAME,NU_SCREEN_NUMBER,DS_SCREEN_FORMAT,ID_MOVIE,DS_EVENT_NAME,NU_DURATION,DT_DATE_TIME,NU_FUNCION,ID_SCHEDULER_STATUS,DT_CREATION,DT_LAST_MODIFICATION,ID_LAST_USER_MODIFIER,FG_ACTIVE) VALUES(12,'147','cinepolis arboledas',3,'Tradicional','1166317','cinepolis arboledas',115,'2016-11-06 15:35:00',2,1,'2016-11-06 15:35:00','2016-11-06 15:35:00',1,1);
INSERT INTO K_FUNCTION(ID_FUNCTION,ID_VISTA,DS_THEATER_NAME,NU_SCREEN_NUMBER,DS_SCREEN_FORMAT,ID_MOVIE,DS_EVENT_NAME,NU_DURATION,DT_DATE_TIME,NU_FUNCION,ID_SCHEDULER_STATUS,DT_CREATION,DT_LAST_MODIFICATION,ID_LAST_USER_MODIFIER,FG_ACTIVE) VALUES(13,'565','cinepolis plaza comercial apizaco',4,'Tradicional','1170780','cinepolis plaza comercial apizaco',105,'2016-11-08 13:45:00',1,1,'2016-11-08 13:45:00','2016-11-08 13:45:00',1,1);
INSERT INTO K_FUNCTION(ID_FUNCTION,ID_VISTA,DS_THEATER_NAME,NU_SCREEN_NUMBER,DS_SCREEN_FORMAT,ID_MOVIE,DS_EVENT_NAME,NU_DURATION,DT_DATE_TIME,NU_FUNCION,ID_SCHEDULER_STATUS,DT_CREATION,DT_LAST_MODIFICATION,ID_LAST_USER_MODIFIER,FG_ACTIVE) VALUES(14,'565','cinepolis plaza comercial apizaco',3,'Tradicional','1170941','cinepolis plaza comercial apizaco',105,'2016-11-05 18:30:00',4,1,'2016-11-05 18:30:00','2016-11-05 18:30:00',1,1);
INSERT INTO K_FUNCTION(ID_FUNCTION,ID_VISTA,DS_THEATER_NAME,NU_SCREEN_NUMBER,DS_SCREEN_FORMAT,ID_MOVIE,DS_EVENT_NAME,NU_DURATION,DT_DATE_TIME,NU_FUNCION,ID_SCHEDULER_STATUS,DT_CREATION,DT_LAST_MODIFICATION,ID_LAST_USER_MODIFIER,FG_ACTIVE) VALUES(15,'301','cinepolis altabrisa',1,'Tradicional','1166588','cinepolis altabrisa',105,'2016-11-09 15:40:00',3,1,'2016-11-09 15:40:00','2016-11-09 15:40:00',1,1);
INSERT INTO K_FUNCTION(ID_FUNCTION,ID_VISTA,DS_THEATER_NAME,NU_SCREEN_NUMBER,DS_SCREEN_FORMAT,ID_MOVIE,DS_EVENT_NAME,NU_DURATION,DT_DATE_TIME,NU_FUNCION,ID_SCHEDULER_STATUS,DT_CREATION,DT_LAST_MODIFICATION,ID_LAST_USER_MODIFIER,FG_ACTIVE) VALUES(16,'301','cinepolis altabrisa',1,'Tradicional','1166665','cinepolis altabrisa',105,'2016-11-08 18:15:00',4,1,'2016-11-08 18:15:00','2016-11-08 18:15:00',1,1);

